Image ,Form,Student ID,Humans Response,Confidence,What gave it out,Human Answer,Actual Answer,Correct,Average Confidence
,Form 1,S01,Real,3,Background,AI,AI,1,
,,S02,AI,5,Background,,,,
,,S03,AI,4,"Lighting, Background",,,,
,,S04,AI,4,Face or anatomy,,,,
,,S05,AI,3,"Lighting, Texture",,,,
,,S01,Real,4,Shadow,AI,Real,0,
,,S02,AI,5,"Face or anatomy, Background",,,,
,,S03,AI,4,Background,,,,
,,S04,AI,4,Texture,,,,
,,S05,AI,3,"Face or anatomy, Pure intuition",,,,
,,S01,AI,5,Background,AI,Real,0,
,,S02,AI,5,Pure intuition,,,,
,,S03,AI,4,Background,,,,
,,S04,AI,3,Background,,,,
,,S05,AI,3,"Face or anatomy, Lighting, Background",,,,
,,S01,Real,5,Pure intuition,Real,AI,0,
,,S02,AI,5,"Texture, Pure intuition",,,,
,,S03,Real,3,Texture,,,,
,,S04,Real,4,Texture,,,,
,,S05,Real,3,Face or anatomy,,,,
,,S01,Real,4,Pure intuition,Real,AI,0,
,,S02,Real,5,Face or anatomy,,,,
,,S03,Real,4,"Lighting, Shadow, Texture, Background, Color",,,,
,,S04,AI,3,Background,,,,
,,S05,Real,3,"Face or anatomy, Background",,,,
,,S01,AI,5,Background,AI,Real,0,
,,S02,AI,5,"Texture, Background",,,,
,,S03,AI,4,Background,,,,
,,S04,Real,3,Texture,,,,
,,S05,AI,3,"Lighting, Background",,,,
,,S01,Real,5,Pure intuition,Real,AI,0,
,,S02,Real,5,"Face or anatomy, Texture, Background",,,,
,,S03,Real,3,"Face or anatomy, Lighting, Background",,,,
,,S04,Real,4,Texture,,,,
,,S05,Real,3,"Texture, Color",,,,
,,S01,AI,4,Background,AI,AI,1,
,,S02,AI,5,"Texture, Background, Pure intuition",,,,
,,S03,AI,3,"Lighting, Shadow, Background",,,,
,,S04,AI,4,Color,,,,
,,S05,AI,3,"Lighting, Shadow, Background",,,,
,,S01,Real,,Pure intuition,Real,AI,0,
,,S02,Real,5,"Background, Pure intuition",,,,
,,S03,Real,3,"Face or anatomy, Lighting, Shadow, Texture, Background, Color, Text",,,,
,,S04,Real,3,Texture,,,,
,,S05,Real,3,"Face or anatomy, Lighting, Texture",,,,
,,S01,Real,4,Pure intuition,Real,Real,1,
,,S02,AI,5,Pure intuition,,,,
,,S03,Real,3,"Shadow, Background",,,,
,,S04,AI,3,Texture,,,,
,,S05,Real,3,"Lighting, Shadow, Texture",,,,
,,,,,,,,,
,,,,,,,,,
,Form 2,S06,AI,4,Pure intuition,AI,Real,0,
,,S07,AI,4,"Face or anatomy, Lighting, Shadow, Texture",,,,
,,S08,Real,4,Text,,,,
,,S09,AI,4,"Background, Text",,,,
,,S10,Real,5,Color,,,,
,,S06,AI,4,Pure intuition,AI,AI,1,
,,S07,AI,5,Background,,,,
,,S08,Real,3,Texture,,,,
,,S09,AI,3,"Lighting, Texture, Background",,,,
,,S10,AI,5,Background,,,,
,,S06,Real,2,Face or anatomy,AI,AI,1,
,,S07,Real,5,Pure intuition,,,,
,,S08,AI,4,Face or anatomy,,,,
,,S09,AI,3,"Texture, Background",,,,
,,S10,AI,5,Texture,,,,
,,S06,AI,4,Pure intuition,AI,Real,0,
,,S07,AI,4,"Face or anatomy, Lighting",,,,
,,S08,Real,4,Pure intuition,,,,
,,S09,Real,4,"Lighting, Texture, Background",,,,
,,S10,AI,5,Face or anatomy,,,,
,,S06,AI,5,Face or anatomy,AI,Real,0,
,,S07,AI,3,Pure intuition,,,,
,,S08,AI,2,Background,,,,
,,S09,Real,2,"Shadow, Pure intuition",,,,
,,S10,AI,5,"Face or anatomy, Lighting",,,,
,,S06,AI,3,Pure intuition,AI,AI,1,
,,S07,AI,5,"Face or anatomy, Lighting, Shadow, Texture, Background",,,,
,,S08,AI,5,"Lighting, Background",,,,
,,S09,AI,5,"Face or anatomy, Lighting, Shadow",,,,
,,S10,AI,5,Lighting,,,,
,,S06,Real,5,Lighting,Real,Real,1,
,,S07,Real,3,Pure intuition,,,,
,,S08,Real,4,"Texture, Color",,,,
,,S09,Real,4,"Shadow, Texture, Background, Color",,,,
,,S10,AI,5,Texture,,,,
,,S06,AI,5,Face or anatomy,AI,AI,1,
,,S07,AI,2,"Face or anatomy, Lighting, Texture",,,,
,,S08,AI,3,Pure intuition,,,,
,,S09,AI,5,"Face or anatomy, Lighting, Texture, Background, Color",,,,
,,S10,AI,5,Background,,,,
,,S06,AI,5,"Lighting, Shadow",AI,Real,0,
,,S07,AI,5,"Lighting, Shadow, Texture",,,,
,,S08,AI,3,"Lighting, Texture, Background, Color",,,,
,,S09,AI,4,"Lighting, Texture, Background",,,,
,,S10,AI,5,Lighting,,,,
,,S06,AI,5,Color,AI,AI,1,
,,S07,AI,5,"Face or anatomy, Texture, Pure intuition",,,,
,,S08,AI,4,Text,,,,
,,S09,Real,2,Pure intuition,,,,
,,S10,AI,5,Pure intuition,,,,
,,,,,,,,,
,Form 3,S11,AI,5,"Texture, Background, Pure intuition",AI,AI,1,
,,S12,AI,3,Pure intuition,,,,
,,S13,AI,4,"Lighting, Shadow, Texture, Background",,,,
,,S14,AI,5,Face or anatomy,,,,
,,S15,AI,3,Pure intuition,,,,
,,S11,AI,5,"Face or anatomy, Background, Pure intuition",AI,Real,0,
,,S12,AI,4,Pure intuition,,,,
,,S13,AI,4,"Lighting, Shadow",,,,
,,S14,AI,5,"Face or anatomy, Lighting",,,,
,,S15,AI,5,Pure intuition,,,,
,,S11,Real,3,,Real,AI,0,
,,S12,Real,4,Face or anatomy,,,,
,,S13,Real,5,"Face or anatomy, Lighting, Shadow, Texture",,,,
,,S14,Real,3,Pure intuition,,,,
,,S15,Real,3,Pure intuition,,,,
,,S11,Real,3,,AI,AI,1,
,,S12,AI,4,Texture,,,,
,,S13,AI,4,Texture,,,,
,,S14,Real,3,Background,,,,
,,S15,AI,5,Pure intuition,,,,
,,S11,Real,4,,Real,Real,1,
,,S12,Real,4,Face or anatomy,,,,
,,S13,Real,4,"Lighting, Shadow, Texture, Background",,,,
,,S14,Real,3,Text,,,,
,,S15,Real,5,Pure intuition,,,,
,,S11,Real,4,,Real,Real,1,
,,S12,Real,4,Pure intuition,,,,
,,S13,Real,3,Pure intuition,,,,
,,S14,AI,3,,,,,
,,S15,Real,4,Pure intuition,,,,
,,S11,AI,3,"Texture, Color",AI,AI,1,
,,S12,Real,4,Pure intuition,,,,
,,S13,AI,4,"Lighting, Color, Pure intuition",,,,
,,S14,AI,5,Face or anatomy,,,,
,,S15,AI,4,Pure intuition,,,,
,,S11,AI,3,Face or anatomy,AI,Real,0,
,,S12,AI,4,Pure intuition,,,,
,,S13,Real,5,"Lighting, Shadow, Texture, Background",,,,
,,S14,AI,5,Face or anatomy,,,,
,,S15,Real,4,Pure intuition,,,,
,,S11,AI,4,,AI,Real,0,
,,S12,AI,4,Pure intuition,,,,
,,S13,AI,5,"Lighting, Shadow, Pure intuition",,,,
,,S14,Real,3,,,,,
,,S15,AI,3,Pure intuition,,,,
,,S11,AI,4,Pure intuition,Real,Real,1,
,,S12,Real,4,Pure intuition,,,,
,,S13,Real,3,"Lighting, Background",,,,
,,S14,AI,4,Background,,,,
,,S15,Real,4,Pure intuition,,,,
,,,,,,,,,
,Form 4,S16,AI,4,"Lighting, Background",Real,AI,0,
,,S17,Real,4,Pure intuition,,,,
,,S18,Real,5,"Lighting, Shadow, Texture, Background, Color",,,,
,,S19,Real,5,"Lighting, Background, Color",,,,
,,S20,Real,4,Background,,,,
,,S16,AI,5,"Texture, Background",AI,Real,0,
,,S17,AI,3,Pure intuition,,,,
,,S18,AI,5,"Lighting, Texture, Color, Pure intuition",,,,
,,S19,Real,3,"Background, Text",,,,
,,S20,AI,5,"Face or anatomy, Lighting, Shadow, Texture, Background, Color, Text, Pure intuition",,,,
,,S16,Real,4,Face or anatomy,Real,Real,1,
,,S17,Real,5,Pure intuition,,,,
,,S18,Real,5,"Face or anatomy, Lighting, Shadow, Texture, Color",,,,
,,S19,Real,4,"Face or anatomy, Lighting",,,,
,,S20,Real,5,"Face or anatomy, Lighting, Shadow, Texture, Background, Color, Text, Pure intuition",,,,
,,S16,Real,5,Pure intuition,AI,Real,0,
,,S17,AI,3,Pure intuition,,,,
,,S18,AI,5,Pure intuition,,,,
,,S19,AI,4,"Shadow, Texture, Color",,,,
,,S20,Real,5,"Face or anatomy, Lighting, Shadow, Texture, Background, Color, Text, Pure intuition",,,,
,,S16,Real,2,"Face or anatomy, Pure intuition",AI,AI,1,
,,S17,AI,4,Background,,,,
,,S18,AI,4,"Lighting, Shadow, Texture, Background",,,,
,,S19,AI,4,"Face or anatomy, Lighting, Background",,,,
,,S20,AI,2,,,,,
,,S16,Real,3,"Background, Pure intuition",Real,Real,1,
,,S17,Real,5,,,,,
,,S18,Real,5,"Face or anatomy, Lighting, Shadow, Texture, Background, Color",,,,
,,S19,AI,5,"Face or anatomy, Lighting, Shadow, Background",,,,
,,S20,Real,3,,,,,
,,S16,AI,2,Background,AI,Real,0,
,,S17,Real,3,,,,,
,,S18,Real,5,"Face or anatomy, Lighting, Shadow, Texture, Background",,,,
,,S19,AI,5,"Face or anatomy, Lighting, Texture, Background",,,,
,,S20,AI,3,,,,,
,,S16,Real,4,,AI,Real,0,
,,S17,AI,5,Color,,,,
,,S18,AI,5,Pure intuition,,,,
,,S19,AI,5,Background,,,,
,,S20,Real,3,,,,,
,,S16,AI,2,Face or anatomy,Real,Real,1,
,,S17,AI,4,Pure intuition,,,,
,,S18,Real,5,"Lighting, Shadow, Texture, Background",,,,
,,S19,Real,4,"Lighting, Shadow, Background",,,,
,,S20,Real,3,,,,,
,,S16,AI,4,Face or anatomy,Real,AI,0,
,,S17,Real,3,Pure intuition,,,,
,,S18,Real,3,"Lighting, Shadow, Texture, Background, Color",,,,
,,S19,Real,3,"Shadow, Texture, Background",,,,
,,S20,AI,5,,,,,
,,,,,,,,,
,Form 5,S21,Real,3,Background,Real,Real,1,
,,S22,AI,5,Face or anatomy,,,,
,,S23,AI,4,Pure intuition,,,,
,,S24,Real,4,,,,,
,,S25,Real,4,Pure intuition,,,,
,,S21,AI,4,Lighting,AI,AI,1,
,,S22,AI,5,Lighting,,,,
,,S23,Real,4,Lighting,,,,
,,S24,AI,3,"Texture, Pure intuition",,,,
,,S25,AI,5,Texture,,,,
,,S21,AI,4,Lighting,AI,Real,0,
,,S22,AI,5,Texture,,,,
,,S23,AI,5,"Lighting, Texture",,,,
,,S24,AI,4,"Texture, Background, Color",,,,
,,S25,AI,4,"Texture, Color",,,,
,,S21,Real,3,Face or anatomy,Real,Real,1,
,,S22,Real,3,"Texture, Background",,,,
,,S23,Real,4,"Face or anatomy, Texture",,,,
,,S24,Real,3,,,,,
,,S25,AI,5,Background,,,,
,,S21,Real,5,Face or anatomy,Real,Real,1,
,,S22,Real,3,"Lighting, Shadow, Texture, Background, Color",,,,
,,S23,Real,5,"Face or anatomy, Lighting",,,,
,,S24,Real,4,Pure intuition,,,,
,,S25,Real,5,Face or anatomy,,,,
,,S21,AI,5,Face or anatomy,AI,AI,1,
,,S22,AI,5,"Face or anatomy, Lighting, Texture, Background",,,,
,,S23,AI,5,"Face or anatomy, Background, Color",,,,
,,S24,AI,4,Texture,,,,
,,S25,AI,5,Face or anatomy,,,,
,,S21,AI,5,Shadow,AI,Real,0,
,,S22,AI,5,Face or anatomy,,,,
,,S23,Real,5,"Face or anatomy, Texture",,,,
,,S24,AI,3,Face or anatomy,,,,
,,S25,Real,5,Pure intuition,,,,
,,S21,AI,4,Face or anatomy,AI,AI,1,
,,S22,AI,5,"Face or anatomy, Texture",,,,
,,S23,AI,4,Color,,,,
,,S24,AI,5,Face or anatomy,,,,
,,S25,AI,5,"Lighting, Texture, Color",,,,
,,S21,AI,4,Texture,AI,AI,1,
,,S22,AI,5,"Lighting, Shadow, Texture",,,,
,,S23,AI,3,"Background, Color",,,,
,,S24,AI,4,"Lighting, Shadow, Texture, Background",,,,
,,S25,AI,5,Pure intuition,,,,
,,S21,Real,4,Background,Real,Real,1,
,,S22,Real,5,"Face or anatomy, Lighting",,,,
,,S23,Real,5,"Lighting, Shadow, Texture",,,,
,,S24,AI,3,Face or anatomy,,,,
,,S25,Real,5,Texture,,,,
,,,,,,,,,
,Form 6,S26,AI,5,Background,AI,Real,0,
,,S27,Real,3,Pure intuition,,,,
,,S28,AI,4,Pure intuition,,,,
,,S29,Real,5,Pure intuition,,,,
,,S30,AI,4,Pure intuition,,,,
,,S26,AI,5,Pure intuition,AI,AI,1,
,,S27,AI,5,Texture,,,,
,,S28,Real,3,Texture,,,,
,,S29,AI,5,Lighting,,,,
,,S30,AI,5,Background,,,,
,,S26,Real,5,Texture,Real,AI,0,
,,S27,Real,5,Pure intuition,,,,
,,S28,Real,4,Pure intuition,,,,
,,S29,Real,5,Face or anatomy,,,,
,,S30,Real,5,Lighting,,,,
,,S26,Real,5,Color,AI,AI,1,
,,S27,AI,1,Color,,,,
,,S28,AI,4,Texture,,,,
,,S29,AI,5,Face or anatomy,,,,
,,S30,Real,5,Background,,,,
,,S26,Real,5,Lighting,Real,AI,0,
,,S27,Real,3,Pure intuition,,,,
,,S28,Real,5,Shadow,,,,
,,S29,Real,5,Lighting,,,,
,,S30,AI,5,Background,,,,
,,S26,AI,5,Pure intuition,AI,AI,1,
,,S27,AI,5,Background,,,,
,,S28,AI,4,Lighting,,,,
,,S29,AI,5,Texture,,,,
,,S30,AI,5,Background,,,,
,,S26,Real,5,Face or anatomy,Real,AI,0,
,,S27,AI,5,Color,,,,
,,S28,Real,4,Color,,,,
,,S29,Real,5,Texture,,,,
,,S30,Real,5,Face or anatomy,,,,
,,S26,AI,5,Color,AI,Real,0,
,,S27,AI,4,Pure intuition,,,,
,,S28,AI,5,Lighting,,,,
,,S29,AI,5,Face or anatomy,,,,
,,S30,AI,5,Lighting,,,,
,,S26,AI,5,Face or anatomy,AI,AI,1,
,,S27,AI,3,Pure intuition,,,,
,,S28,Real,4,Color,,,,
,,S29,AI,5,Lighting,,,,
,,S30,AI,5,Background,,,,
,,S26,Real,5,Pure intuition,Real,AI,0,
,,S27,Real,3,Pure intuition,,,,
,,S28,Real,4,Text,,,,
,,S29,AI,5,Face or anatomy,,,,
,,S30,AI,5,Lighting,,,,
,,,,4.130434783,,,Total right,31,
,,,,,,,Percentage right,51.66666668,